"seed","N","n_eff","strategy","Pr","Re","MCC","CoefL2","JacRMSE"
1,12,12,"random",0.4,0.125,0.0792118034381339,4.75904294713974,0.391721818529562
1,16,16,"random",0.4,0.125,0.0792118034381339,4.40190181345201,0.374964212490386
1,20,20,"random",0.75,0.1875,0.285043856274785,6.20769479898358,0.305321001919606
1,30,30,"random",1,0.25,0.438529009653515,3.80915800445472,0.23968765566087
1,40,40,"random",0.666666666666667,0.25,0.292118697336089,4.41264432550796,0.275545300423471
1,60,60,"random",1,0.5,0.645497224367903,3.80327498401804,0.203610899244457
1,12,12,"maximin",0.75,0.1875,0.285043856274785,5.74053730315762,0.348068571814671
1,16,16,"maximin",1,0.125,0.304290309725092,6.37958985000493,0.329740194898431
1,20,20,"maximin",0.6,0.375,0.324372303540774,8.23127094469977,0.385946412331847
1,30,30,"maximin",1,0.6875,0.781735959970572,5.19458607024795,0.223119745375939
1,40,40,"maximin",0.9,0.5625,0.634000411466058,4.14995270084236,0.188912077008885
1,60,60,"maximin",0.916666666666667,0.6875,0.729388494396214,4.21538499402979,0.171131797674537
1,12,12,"dopt",0.6,0.1875,0.217832459454868,6.42806458805546,0.368267351438879
1,16,16,"dopt",0.5,0.125,0.131558702896054,6.48839679768054,0.329527303026898
1,20,20,"dopt",0.75,0.1875,0.285043856274785,4.53912634764547,0.286884153886494
1,30,30,"dopt",1,0.5625,0.691898406021664,4.25345797923552,0.191083320943663
1,40,40,"dopt",0.8,0.5,0.53079104215763,3.81743125749481,0.220387568110183
1,60,60,"dopt",0.6875,0.6875,0.5625,3.76337448735972,0.174514956986551
2,12,12,"random",0,0,-0.121716123890037,7.93687182282317,0.338726757841897
2,16,16,"random",0,0,-0.175411603861406,6.0090707600515,0.297469892656623
2,20,20,"random",0.25,0.0625,-0.0219264504826757,4.77749400711304,0.278844578588227
2,30,30,"random",0.5,0.125,0.131558702896054,3.95806531024346,0.274270253726753
2,40,40,"random",0.4,0.125,0.0792118034381339,3.61039123618885,0.27815223058375
2,60,60,"random",0.714285714285714,0.3125,0.358568582800318,3.7126807958484,0.220812167191904
2,12,12,"maximin",1,0.125,0.304290309725092,4.45912477195778,0.271355688492795
2,16,16,"maximin",0.6,0.1875,0.217832459454868,4.65646742732668,0.256039265199359
2,20,20,"maximin",0.666666666666667,0.25,0.292118697336089,5.32963364935651,0.296967550787926
2,30,30,"maximin",0.875,0.4375,0.53253521010352,4.60173265741908,0.211556736848953
2,40,40,"maximin",0.909090909090909,0.625,0.682242292337953,4.84526773402251,0.160627863072774
2,60,60,"maximin",0.857142857142857,0.75,0.730296743340222,4.6852280904139,0.136291381519015
2,12,12,"dopt",1,0.0625,0.21320071635561,5.93525877257797,0.304787625727075
2,16,16,"dopt",1,0.0625,0.21320071635561,4.01660708448167,0.273970283481439
2,20,20,"dopt",1,0.3125,0.495073771488337,3.32889606723988,0.220797882063819
2,30,30,"dopt",0.888888888888889,0.5,0.58426976508496,5.2972771850257,0.240487427190716
2,40,40,"dopt",0.888888888888889,0.5,0.58426976508496,4.30941242344521,0.207893838881591
2,60,60,"dopt",1,0.8125,0.869375611279942,3.6840380661163,0.143915344491042
3,12,12,"random",0.5,0.25,0.193649167310371,10.7274682268398,0.552766647779685
3,16,16,"random",0.6,0.1875,0.217832459454868,4.7216461483924,0.335585594441755
3,20,20,"random",1,0.125,0.304290309725092,5.08240624104371,0.299383305306869
3,30,30,"random",0.8,0.25,0.356453115471603,5.1130295621674,0.253852754291775
3,40,40,"random",0.857142857142857,0.375,0.478091443733757,4.02116928940341,0.211670536401713
3,60,60,"random",1,0.4375,0.597614304667197,4.02159215874707,0.209505070248178
3,12,12,"maximin",0.5,0.25,0.193649167310371,7.65498268987469,0.300333196537234
3,16,16,"maximin",0.555555555555556,0.3125,0.261383842274851,6.43476833210296,0.352432311672681
3,20,20,"maximin",0.5,0.125,0.131558702896054,6.7780583384919,0.275549170963159
3,30,30,"maximin",0.857142857142857,0.375,0.478091443733757,4.52090352877217,0.236973440326992
3,40,40,"maximin",0.75,0.5625,0.536719835499101,4.73082948058486,0.208568683424573
3,60,60,"maximin",1,0.8125,0.869375611279942,3.74499033625053,0.107999155525913
3,12,12,"dopt",1,0.0625,0.21320071635561,6.94301667464573,0.282530367420852
3,16,16,"dopt",0,0,0,5.61658729272628,0.288411102004419
3,20,20,"dopt",0.75,0.1875,0.285043856274785,4.87133201853602,0.27489192021389
3,30,30,"dopt",0.833333333333333,0.3125,0.419920627420627,4.52436396563513,0.264613944143477
3,40,40,"dopt",1,0.625,0.737209780774486,4.54721846570302,0.195961052142867
3,60,60,"dopt",0.923076923076923,0.75,0.775750545449794,3.95771831133527,0.154260801300697
4,12,12,"random",0.75,0.1875,0.285043856274785,9.47768200625424,0.63491349010791
4,16,16,"random",0.75,0.1875,0.285043856274785,6.8359060247333,0.382649222329569
4,20,20,"random",0.6,0.1875,0.217832459454868,7.35923624987487,0.374004345477451
4,30,30,"random",1,0.1875,0.376177396931639,4.33518205268005,0.290559590256185
4,40,40,"random",1,0.375,0.547722557505166,3.34482628791611,0.205930516602769
4,60,60,"random",1,0.375,0.547722557505166,3.52400405630228,0.210184076837719
4,12,12,"maximin",0.5,0.125,0.131558702896054,5.67819937812226,0.292220512006709
4,16,16,"maximin",0.666666666666667,0.125,0.200627945030208,6.40949657543192,0.299353083065402
4,20,20,"maximin",1,0.125,0.304290309725092,5.90993985122443,0.282770405783417
4,30,30,"maximin",0.714285714285714,0.3125,0.358568582800318,6.49363858649498,0.300164051378468
4,40,40,"maximin",0.875,0.4375,0.53253521010352,5.17702353294152,0.225891545507824
4,60,60,"maximin",0.818181818181818,0.5625,0.582748624705335,4.22196106627803,0.167606817618954
4,12,12,"dopt",0.6,0.1875,0.217832459454868,7.01525690253077,0.27039423820881
4,16,16,"dopt",1,0.0625,0.21320071635561,5.33283689380119,0.267906704880446
4,20,20,"dopt",1,0.25,0.438529009653515,4.16317853752854,0.243355949228787
4,30,30,"dopt",0.857142857142857,0.375,0.478091443733757,4.27524831085511,0.215876328030997
4,40,40,"dopt",0.909090909090909,0.625,0.682242292337953,3.45810955123872,0.145937200889703
4,60,60,"dopt",0.818181818181818,0.5625,0.582748624705335,3.69911675822377,0.168485317266109
5,12,12,"random",0.2,0.0625,-0.0594088525786005,11.4574493121141,0.344200796536116
5,16,16,"random",0.4,0.125,0.0792118034381339,5.79491295389389,0.2902994010196
5,20,20,"random",0.363636363636364,0.25,0.0852802865422442,7.67206860726512,0.321388539704976
5,30,30,"random",0.6,0.1875,0.217832459454868,3.64575506085794,0.249302030303069
5,40,40,"random",0.714285714285714,0.3125,0.358568582800318,3.53474456132545,0.241345880579334
5,60,60,"random",0.75,0.5625,0.536719835499101,3.55451773252205,0.192023527383742
5,12,11,"maximin",0.777777777777778,0.4375,0.476641124148257,5.32090248405258,0.259394319400998
5,16,15,"maximin",0.833333333333333,0.3125,0.419920627420627,3.66432594545992,0.228647431689414
5,20,18,"maximin",0.818181818181818,0.5625,0.582748624705335,3.7482705010231,0.204877668631638
5,30,28,"maximin",0.75,0.375,0.419573195839137,3.66225240521381,0.228758174317624
5,40,38,"maximin",0.8,0.5,0.53079104215763,3.88427121717869,0.20569420218313
5,60,58,"maximin",0.916666666666667,0.6875,0.729388494396214,3.60833596509068,0.166156210279858
5,12,11,"dopt",0.75,0.1875,0.285043856274785,7.52467679046146,0.287340136002891
5,16,15,"dopt",0.833333333333333,0.3125,0.419920627420627,4.90991418598085,0.288566136932034
5,20,19,"dopt",0.777777777777778,0.4375,0.476641124148257,5.82490256356594,0.280666027710005
5,30,27,"dopt",0.75,0.375,0.419573195839137,5.64901705361446,0.251222210024127
5,40,36,"dopt",1,0.5,0.645497224367903,4.65304366107647,0.196295715676618
5,60,56,"dopt",0.916666666666667,0.6875,0.729388494396214,4.49764447570381,0.145894715318093
6,12,12,"random",0.2,0.0625,-0.0594088525786005,5.55327212562602,0.32285055297125
6,16,16,"random",1,0.25,0.438529009653515,4.98614997346474,0.272761374389361
6,20,20,"random",0.8,0.25,0.356453115471603,4.8038594641014,0.289147782703083
6,30,30,"random",1,0.625,0.737209780774486,5.43795939608075,0.219361379135971
6,40,40,"random",0.8,0.5,0.53079104215763,4.46257072103445,0.236417413829025
6,60,60,"random",0.846153846153846,0.6875,0.682125479619647,4.68556238207199,0.191888201547796
6,12,12,"maximin",0.666666666666667,0.25,0.292118697336089,6.73902878553415,0.297763646793321
6,16,16,"maximin",0.5625,0.5625,0.3875,7.43653923152975,0.371786086867404
6,20,20,"maximin",0.875,0.4375,0.53253521010352,4.20553744343973,0.252503534153985
6,30,30,"maximin",0.75,0.5625,0.536719835499101,4.40722652698405,0.196745576497001
6,40,40,"maximin",0.714285714285714,0.625,0.547722557505166,4.72564844318961,0.212005520548412
6,60,60,"maximin",0.866666666666667,0.8125,0.777843589937273,4.22388404581977,0.158233714097207
6,12,12,"dopt",0.6,0.1875,0.217832459454868,4.41166773493702,0.301273358229899
6,16,16,"dopt",0.857142857142857,0.375,0.478091443733757,4.71280169301235,0.243796271928043
6,20,20,"dopt",0.777777777777778,0.4375,0.476641124148257,5.33816756078292,0.248764553451836
6,30,30,"dopt",0.909090909090909,0.625,0.682242292337953,4.1328759226967,0.204002775400522
6,40,40,"dopt",1,0.625,0.737209780774486,3.24863541561375,0.195218215971397
6,60,60,"dopt",0.923076923076923,0.75,0.775750545449794,3.30283520821701,0.130794321960753
7,12,12,"random",0.25,0.0625,-0.0219264504826757,6.56798104446298,0.359908016514075
7,16,16,"random",1,0.125,0.304290309725092,5.96723738884645,0.320371547537441
7,20,20,"random",0.5,0.125,0.131558702896054,6.20364956883358,0.334202473672629
7,30,30,"random",0.333333333333333,0.0625,0.025078493128776,4.78436646183305,0.276821801211533
7,40,40,"random",0.5,0.125,0.131558702896054,3.36198272247879,0.268770309167784
7,60,60,"random",0.818181818181818,0.5625,0.582748624705335,3.86722137943733,0.204755983015078
7,12,12,"maximin",0.5,0.1875,0.16431676725155,8.01635951136931,0.279151813177757
7,16,16,"maximin",0.666666666666667,0.125,0.200627945030208,4.27702767270006,0.261111794856608
7,20,20,"maximin",0.75,0.1875,0.285043856274785,4.38878242127288,0.230734726581753
7,30,30,"maximin",1,0.5,0.645497224367903,4.18779387050549,0.238311164219113
7,40,40,"maximin",0.909090909090909,0.625,0.682242292337953,4.99978691202628,0.218784556896374
7,60,60,"maximin",0.846153846153846,0.6875,0.682125479619647,4.46600467408759,0.187114427591947
7,12,12,"dopt",0.4,0.125,0.0792118034381339,6.63543106829798,0.442332221954898
7,16,16,"dopt",0.333333333333333,0.0625,0.025078493128776,3.80999658173756,0.253767484036202
7,20,20,"dopt",1,0.1875,0.376177396931639,4.07149907321423,0.249779805445467
7,30,30,"dopt",0.666666666666667,0.25,0.292118697336089,3.66182489216863,0.241702461847731
7,40,40,"dopt",0.666666666666667,0.25,0.292118697336089,3.77652715566391,0.25821393281076
7,60,60,"dopt",1,0.6875,0.781735959970572,3.59365304528089,0.158848568185248
8,12,12,"random",0.428571428571429,0.1875,0.119522860933439,12.3860500509471,0.407321806787698
8,16,16,"random",0.555555555555556,0.3125,0.261383842274851,7.37761830021655,0.32936159113549
8,20,20,"random",1,0.125,0.304290309725092,3.50824911686244,0.270909739726572
8,30,30,"random",0.666666666666667,0.125,0.200627945030208,3.7484833221223,0.275761951971887
8,40,40,"random",0.75,0.375,0.419573195839137,4.18389344368253,0.239127882664142
8,60,60,"random",0.857142857142857,0.375,0.478091443733757,3.77194020322054,0.233487711823365
8,12,12,"maximin",0.25,0.0625,-0.0219264504826757,11.8912961143853,0.389842064913551
8,16,16,"maximin",0.666666666666667,0.125,0.200627945030208,4.91216837486939,0.328575450955202
8,20,20,"maximin",0,0,0,4.65876797945959,0.283232606697417
8,30,30,"maximin",1,0.3125,0.495073771488337,3.98064654426054,0.249851501648118
8,40,40,"maximin",1,0.4375,0.597614304667197,3.94542285676574,0.223852853216861
8,60,60,"maximin",1,0.625,0.737209780774486,3.75779497693201,0.162584648654039
8,12,12,"dopt",0,0,0,5.75728295539803,0.283232606697417
8,16,16,"dopt",0.75,0.1875,0.285043856274785,4.07374066211781,0.269249743894267
8,20,20,"dopt",0.8,0.25,0.356453115471603,4.35880589931494,0.274994831098313
8,30,30,"dopt",0.777777777777778,0.4375,0.476641124148257,4.89130091535534,0.213492078581421
8,40,40,"dopt",0.909090909090909,0.625,0.682242292337953,4.05065202565519,0.171170732101582
8,60,60,"dopt",0.909090909090909,0.625,0.682242292337953,3.7895735684388,0.149745392694366
9,12,12,"random",0.166666666666667,0.0625,-0.0912870929175277,8.2482437768371,0.539064633431709
9,16,16,"random",0.166666666666667,0.0625,-0.0912870929175277,7.58340927040234,0.477613118103481
9,20,20,"random",0.3,0.1875,0.0147441956154897,7.07950289999534,0.396527757021929
9,30,30,"random",0.4,0.25,0.117953564923918,5.26928814789697,0.303395870953308
9,40,40,"random",0.8,0.25,0.356453115471603,4.49185519842082,0.249967738752315
9,60,60,"random",0.666666666666667,0.5,0.440385506050544,3.66938013270033,0.211105699345086
9,12,12,"maximin",1,0.125,0.304290309725092,4.86696933614907,0.237959136042049
9,16,16,"maximin",1,0.125,0.304290309725092,5.08307735202648,0.246359881552604
9,20,20,"maximin",0.666666666666667,0.125,0.200627945030208,5.68327414153004,0.242072644661342
9,30,30,"maximin",0.875,0.4375,0.53253521010352,4.70088033376395,0.154508740969892
9,40,40,"maximin",0.875,0.4375,0.53253521010352,4.50882060822958,0.15713598592918
9,60,60,"maximin",1,0.625,0.737209780774486,3.27985755438162,0.111644535399501
9,12,12,"dopt",1,0.125,0.304290309725092,5.15601580718608,0.235364088490461
9,16,16,"dopt",0.5,0.125,0.131558702896054,4.3101732461742,0.240144866892248
9,20,20,"dopt",0.75,0.1875,0.285043856274785,5.24975554696727,0.29984795193144
9,30,30,"dopt",0.833333333333333,0.3125,0.419920627420627,3.77845168689793,0.212114447764869
9,40,40,"dopt",0.857142857142857,0.375,0.478091443733757,3.75696948742198,0.204992954944406
9,60,60,"dopt",0.846153846153846,0.6875,0.682125479619647,3.41535494905783,0.140017500041491
10,12,12,"random",0.5,0.1875,0.16431676725155,4.24956812856914,0.277712740448895
10,16,16,"random",0.6,0.1875,0.217832459454868,5.31393813309853,0.298083601495671
10,20,20,"random",0.5,0.0625,0.0912870929175277,3.26577154794141,0.266430542087392
10,30,30,"random",0.571428571428571,0.25,0.239045721866879,4.80200762395537,0.258801170584956
10,40,40,"random",1,0.25,0.438529009653515,3.59011518965615,0.225801562545795
10,60,60,"random",0.7,0.4375,0.427581672849202,4.55295896743903,0.23358637762983
10,12,12,"maximin",0,0,0,4.30911455136424,0.258229597662076
10,16,16,"maximin",0,0,-0.0852802865422442,3.79482338317211,0.258788494444682
10,20,20,"maximin",0.833333333333333,0.3125,0.419920627420627,4.01947248997643,0.231550494178544
10,30,30,"maximin",1,0.375,0.547722557505166,4.15554852529652,0.188884089345649
10,40,40,"maximin",0.909090909090909,0.625,0.682242292337953,4.44804594505998,0.149575244439083
10,60,60,"maximin",0.769230769230769,0.625,0.588500413789499,3.66941739511647,0.147533609278636
10,12,12,"dopt",0.6,0.1875,0.217832459454868,8.67895245174103,0.360633768674272
10,16,16,"dopt",0,0,0,7.2131730753608,0.258229597662076
10,20,20,"dopt",1,0.125,0.304290309725092,6.82610663270799,0.253383764791697
10,30,30,"dopt",1,0.25,0.438529009653515,6.03763795273505,0.247915753189233
10,40,40,"dopt",0.9,0.5625,0.634000411466058,4.38065953595473,0.188252570616532
10,60,60,"dopt",1,0.625,0.737209780774486,3.97884815378939,0.144161908587838
11,12,12,"random",0.5,0.125,0.131558702896054,6.15486186099597,0.285135696570989
11,16,16,"random",0.4,0.125,0.0792118034381339,7.42693625924493,0.320666347768889
11,20,20,"random",1,0.0625,0.21320071635561,5.46815650264701,0.27607622670737
11,30,29,"random",0,0,-0.0852802865422442,3.61106359164669,0.299322378437741
11,40,39,"random",0.666666666666667,0.125,0.200627945030208,4.34729667494676,0.26994074211032
11,60,58,"random",0.8,0.25,0.356453115471603,3.91075463837784,0.250778362307576
11,12,11,"maximin",0.5,0.0625,0.0912870929175277,8.89141110397461,0.355400374002301
11,16,14,"maximin",0,0,0,4.9871368014157,0.270333519985746
11,20,18,"maximin",1,0.0625,0.21320071635561,3.54048901740821,0.284552329433137
11,30,27,"maximin",0.714285714285714,0.3125,0.358568582800318,3.77616316288665,0.239772804162094
11,40,37,"maximin",0.714285714285714,0.3125,0.358568582800318,3.86565915033271,0.236829696592353
11,60,57,"maximin",1,0.75,0.82572282384477,3.93592627942279,0.141710425704027
11,12,12,"dopt",0.6,0.1875,0.217832459454868,8.51218885522798,0.253156359104828
11,16,16,"dopt",0.75,0.375,0.419573195839137,7.12582154747025,0.357602456528808
11,20,19,"dopt",0.636363636363636,0.4375,0.383761289440099,6.1034712056685,0.284812151880288
11,30,26,"dopt",0.75,0.375,0.419573195839137,4.90017202464242,0.250317334893299
11,40,35,"dopt",0.777777777777778,0.4375,0.476641124148257,5.45984962643428,0.252640009085702
11,60,53,"dopt",0.75,0.5625,0.536719835499101,3.85008238483215,0.192157209441419
12,12,12,"random",0.6,0.1875,0.217832459454868,8.18955826923479,0.439353349528359
12,16,16,"random",0,0,0,6.41270422460169,0.247237019327579
12,20,20,"random",0,0,-0.0852802865422442,5.97156129948357,0.260225648589402
12,30,30,"random",1,0.25,0.438529009653515,7.40049787127972,0.231932348387988
12,40,40,"random",0.75,0.375,0.419573195839137,4.62675928207414,0.197642729299897
12,60,60,"random",0.75,0.375,0.419573195839137,4.21893999467434,0.18768898743049
12,12,12,"maximin",0.5,0.125,0.131558702896054,5.92554053160059,0.269448437293916
12,16,16,"maximin",0.3,0.1875,0.0147441956154897,6.47831142056449,0.367488506366054
12,20,20,"maximin",0.666666666666667,0.125,0.200627945030208,4.98997537254693,0.249286516972586
12,30,30,"maximin",0.8,0.25,0.356453115471603,4.58729377602704,0.20484433868281
12,40,40,"maximin",0.75,0.1875,0.285043856274785,3.40033999093788,0.206357725536959
12,60,60,"maximin",0.857142857142857,0.375,0.478091443733757,3.60982182106977,0.186264374761705
12,12,12,"dopt",0.333333333333333,0.125,0.0365148371670111,4.73248427536043,0.276015367547944
12,16,16,"dopt",0.75,0.1875,0.285043856274785,3.88998038906248,0.206238178315491
12,20,20,"dopt",0.8,0.25,0.356453115471603,5.53131080579799,0.227620212141285
12,30,30,"dopt",1,0.5,0.645497224367903,3.34024003279256,0.148470487722718
12,40,40,"dopt",0.75,0.375,0.419573195839137,3.33365843948495,0.183635863633079
12,60,60,"dopt",0.75,0.375,0.419573195839137,3.62078340139848,0.163117494095645
13,12,12,"random",0.5,0.125,0.131558702896054,9.17959094801616,0.518888089529493
13,16,16,"random",0,0,-0.175411603861406,5.89796013819674,0.491416311077308
13,20,20,"random",0,0,-0.175411603861406,5.97799749832071,0.399943226138115
13,30,30,"random",1,0.1875,0.376177396931639,4.39231183324041,0.256405871432233
13,40,40,"random",0.428571428571429,0.1875,0.119522860933439,5.2833452514508,0.308638982988927
13,60,60,"random",0.75,0.5625,0.536719835499101,4.75016077345443,0.239000526080681
13,12,12,"maximin",0.333333333333333,0.0625,0.025078493128776,10.3235821088373,0.289480861960575
13,16,16,"maximin",0.666666666666667,0.125,0.200627945030208,6.71629775351482,0.277352852760019
13,20,20,"maximin",0.75,0.1875,0.285043856274785,6.19327717488322,0.239459835635689
13,30,30,"maximin",0.75,0.375,0.419573195839137,6.11261689956886,0.243743161515934
13,40,40,"maximin",1,0.375,0.547722557505166,3.07810049064748,0.173808957410232
13,60,60,"maximin",0.769230769230769,0.625,0.588500413789499,3.79131936078336,0.159997812533274
13,12,12,"dopt",0.75,0.1875,0.285043856274785,5.62369197203663,0.305516569859128
13,16,16,"dopt",1,0.0625,0.21320071635561,3.60150961251775,0.261930323716638
13,20,20,"dopt",1,0.3125,0.495073771488337,4.16782686943468,0.240571942598695
13,30,30,"dopt",0.888888888888889,0.5,0.58426976508496,4.3276554746126,0.223821740074338
13,40,40,"dopt",0.769230769230769,0.625,0.588500413789499,3.93845317228062,0.192893439366982
13,60,60,"dopt",0.909090909090909,0.625,0.682242292337953,3.63105952910115,0.150070162120448
14,12,12,"random",0,0,-0.0852802865422442,8.98026900657731,0.276799200936728
14,16,16,"random",0,0,-0.121716123890037,6.50595844750726,0.271953410647062
14,20,20,"random",0,0,-0.0852802865422442,4.87702939734623,0.270249628056127
14,30,30,"random",0,0,0,3.67355764561062,0.266805404233525
14,40,40,"random",0.666666666666667,0.125,0.200627945030208,4.61949668937949,0.257359018972394
14,60,60,"random",0.8,0.25,0.356453115471603,3.35594376982837,0.222169762449475
14,12,12,"maximin",1,0.125,0.304290309725092,4.80934742090871,0.370246147910932
14,16,16,"maximin",1,0.125,0.304290309725092,5.29633113484585,0.360713330824826
14,20,20,"maximin",1,0.3125,0.495073771488337,4.89973948610608,0.303281150597565
14,30,30,"maximin",0.7,0.4375,0.427581672849202,4.34145215926405,0.1871722716107
14,40,40,"maximin",0.875,0.4375,0.53253521010352,4.26348456708106,0.203004444760047
14,60,60,"maximin",1,0.5,0.645497224367903,4.03767727785734,0.151935870000331
14,12,12,"dopt",0.375,0.1875,0.0806871530459878,6.60177650612953,0.363563519388518
14,16,16,"dopt",0.75,0.1875,0.285043856274785,4.93869430993775,0.225225664219196
14,20,20,"dopt",0.857142857142857,0.375,0.478091443733757,4.53166244257842,0.175199612679009
14,30,30,"dopt",0.8,0.5,0.53079104215763,3.75075970055231,0.219180765619744
14,40,40,"dopt",0.8,0.5,0.53079104215763,3.81070896869264,0.16923177464967
14,60,60,"dopt",0.9,0.5625,0.634000411466058,3.88670754490531,0.130874871434858
15,12,12,"random",0.333333333333333,0.25,0.055048188256318,24.3214611624566,0.917060252686867
15,16,16,"random",0,0,0,6.5038544809542,0.287444781789352
15,20,20,"random",0.666666666666667,0.125,0.200627945030208,7.25646368543291,0.382467842955575
15,30,30,"random",0.6,0.1875,0.217832459454868,5.10264146235868,0.294045062310867
15,40,40,"random",0.8,0.25,0.356453115471603,3.7434915711527,0.25887647802436
15,60,60,"random",0.8,0.5,0.53079104215763,3.72832975807444,0.235272204889374
15,12,12,"maximin",0.333333333333333,0.125,0.0365148371670111,8.60174679420276,0.437993236285533
15,16,16,"maximin",0.5,0.125,0.131558702896054,5.2348843544029,0.333196261642486
15,20,20,"maximin",0.6,0.375,0.324372303540774,3.98513282412962,0.312520236410221
15,30,30,"maximin",1,0.375,0.547722557505166,4.14139525567865,0.224402975589221
15,40,40,"maximin",1,0.5,0.645497224367903,3.81398157608931,0.17389230850612
15,60,60,"maximin",0.923076923076923,0.75,0.775750545449794,3.87658801668297,0.122300857366011
15,12,12,"dopt",0.2,0.0625,-0.0594088525786005,6.27673010232108,0.490928126579194
15,16,16,"dopt",0.5,0.0625,0.0912870929175277,3.96372657647651,0.301760042748732
15,20,20,"dopt",0.75,0.1875,0.285043856274785,4.76022814481443,0.28044772062189
15,30,30,"dopt",0.625,0.3125,0.306611181574754,4.18442725410263,0.251403075188149
15,40,40,"dopt",0.727272727272727,0.5,0.483254957072717,4.04474787154154,0.251083622986225
15,60,60,"dopt",0.909090909090909,0.625,0.682242292337953,3.64975124610754,0.176734183830104
16,12,12,"random",0,0,-0.121716123890037,5.38158351403357,0.33203611042969
16,16,16,"random",0.5,0.0625,0.0912870929175277,4.19424566771982,0.284379748651834
16,20,20,"random",0.6,0.1875,0.217832459454868,4.76312579996433,0.304449132276033
16,30,30,"random",0.5,0.1875,0.16431676725155,4.06224977438768,0.258610402569222
16,40,40,"random",1,0.375,0.547722557505166,3.51591895138146,0.24669502601314
16,60,60,"random",1,0.6875,0.781735959970572,3.41165644683442,0.17518156492703
16,12,12,"maximin",0,0,-0.0852802865422442,7.29743733814621,0.297692922404596
16,16,16,"maximin",0.5,0.1875,0.16431676725155,5.83172696542114,0.326910207498497
16,20,20,"maximin",0.375,0.1875,0.0806871530459878,6.05118532822481,0.333591567617709
16,30,30,"maximin",0.5,0.3125,0.221162934232346,5.81255248195368,0.305586480486742
16,40,40,"maximin",0.9,0.5625,0.634000411466058,4.63593805414776,0.19320137260448
16,60,60,"maximin",0.785714285714286,0.6875,0.639009650422694,4.73603113483107,0.179088926790714
16,12,12,"dopt",0.5,0.0625,0.0912870929175277,3.6898320943245,0.2742462763344
16,16,16,"dopt",1,0.125,0.304290309725092,3.72389996794284,0.257650549016484
16,20,20,"dopt",0.75,0.375,0.419573195839137,4.92438834012894,0.232468576888729
16,30,30,"dopt",0.857142857142857,0.375,0.478091443733757,4.49053997011993,0.193082212820224
16,40,40,"dopt",0.75,0.375,0.419573195839137,4.1123433966608,0.185353928516198
16,60,60,"dopt",0.888888888888889,0.5,0.58426976508496,3.63141316028077,0.163851542216059
17,12,12,"random",0.5,0.125,0.131558702896054,8.74634005016499,0.366667603230523
17,16,16,"random",0.6,0.1875,0.217832459454868,4.75452139238443,0.340075403790472
17,20,20,"random",0.8,0.25,0.356453115471603,5.44614765872946,0.300695282508818
17,30,30,"random",0.875,0.4375,0.53253521010352,4.56384531883135,0.242351175306979
17,40,40,"random",0.888888888888889,0.5,0.58426976508496,4.46832783278564,0.233683847213627
17,60,60,"random",0.846153846153846,0.6875,0.682125479619647,4.09013320856377,0.225489174555726
17,12,12,"maximin",0.666666666666667,0.125,0.200627945030208,6.10502714545453,0.293907194985177
17,16,16,"maximin",1,0.1875,0.376177396931639,6.0040860367136,0.32511322430636
17,20,20,"maximin",0.75,0.1875,0.285043856274785,5.8323188443284,0.296550838899867
17,30,30,"maximin",0.9,0.5625,0.634000411466058,4.88687817236513,0.236846528898034
17,40,40,"maximin",0.846153846153846,0.6875,0.682125479619647,3.91544490085686,0.206732944455503
17,60,60,"maximin",0.75,0.75,0.65,4.39504739070998,0.204321839342629
17,12,12,"dopt",0.666666666666667,0.125,0.200627945030208,4.45343711017389,0.305752771364387
17,16,16,"dopt",0.4,0.125,0.0792118034381339,4.75359880241919,0.30957762861229
17,20,20,"dopt",0.666666666666667,0.25,0.292118697336089,6.35965208734984,0.327591238191851
17,30,30,"dopt",1,0.4375,0.597614304667197,3.45026850123187,0.218851433567366
17,40,40,"dopt",1,0.5625,0.691898406021664,3.75972632549265,0.186956317097679
17,60,60,"dopt",1,0.8125,0.869375611279942,3.06049207940788,0.101560133758109
18,12,12,"random",0.375,0.1875,0.0806871530459878,10.3356270502416,0.460677695566523
18,16,16,"random",0.5,0.25,0.193649167310371,9.15872575650277,0.447882417743729
18,20,20,"random",0.5,0.125,0.131558702896054,5.96963054223231,0.284124598528415
18,30,30,"random",0.75,0.1875,0.285043856274785,4.74614098355233,0.27349057528666
18,40,40,"random",0.875,0.4375,0.53253521010352,3.90012627384688,0.215449923968462
18,60,60,"random",0.888888888888889,0.5,0.58426976508496,3.57892098438481,0.202741649459163
18,12,10,"maximin",0.6,0.1875,0.217832459454868,6.13094941976026,0.309716346679242
18,16,14,"maximin",0.8,0.25,0.356453115471603,4.82002916468487,0.249310477784689
18,20,18,"maximin",1,0.1875,0.376177396931639,3.54084452741504,0.251060800875878
18,30,28,"maximin",0.833333333333333,0.3125,0.419920627420627,3.99779634380708,0.257304422261426
18,40,38,"maximin",1,0.5,0.645497224367903,3.46331551204324,0.146980170751476
18,60,57,"maximin",0.9,0.5625,0.634000411466058,3.43510155908667,0.121771781416542
18,12,11,"dopt",1,0.0625,0.21320071635561,3.44253246073338,0.273623463861329
18,16,15,"dopt",1,0.25,0.438529009653515,3.85522960168471,0.259672994907141
18,20,19,"dopt",1,0.1875,0.376177396931639,3.7182788043651,0.243372665964888
18,30,29,"dopt",1,0.5,0.645497224367903,3.73692492288188,0.151697517801643
18,40,38,"dopt",0.818181818181818,0.5625,0.582748624705335,3.8692633706104,0.14023831876962
18,60,56,"dopt",0.916666666666667,0.6875,0.729388494396214,3.76399416402791,0.101681330870257
19,12,12,"random",0.8,0.25,0.356453115471603,8.09300933770857,0.313185758764324
19,16,16,"random",0.571428571428571,0.25,0.239045721866879,7.47707753916896,0.33134710232218
19,20,20,"random",0.5,0.125,0.131558702896054,6.19361101408387,0.381308163934608
19,30,30,"random",0.666666666666667,0.25,0.292118697336089,6.14193000027639,0.289328116398589
19,40,40,"random",0.8,0.25,0.356453115471603,5.04841747448934,0.269397638934569
19,60,60,"random",0.833333333333333,0.625,0.633054164947657,4.78609396755252,0.198034353970917
19,12,12,"maximin",0.714285714285714,0.3125,0.358568582800318,5.07094866055342,0.310978074659226
19,16,16,"maximin",1,0.125,0.304290309725092,3.94911437470283,0.269370663752066
19,20,20,"maximin",0.8,0.25,0.356453115471603,3.58604622523141,0.265254713802565
19,30,29,"maximin",0.875,0.4375,0.53253521010352,4.12112449169548,0.225780883558104
19,40,39,"maximin",1,0.625,0.737209780774486,3.75135851484073,0.165087385086142
19,60,59,"maximin",0.928571428571429,0.8125,0.821583836257749,3.66903857444213,0.128399960951742
19,12,12,"dopt",1,0.0625,0.21320071635561,5.20054863334248,0.32338019972096
19,16,16,"dopt",1,0.0625,0.21320071635561,4.94588901510217,0.258283200977789
19,20,19,"dopt",1,0.0625,0.21320071635561,4.18209036544104,0.255051249376571
19,30,29,"dopt",1,0.375,0.547722557505166,4.34046347762052,0.247040977880551
19,40,37,"dopt",1,0.4375,0.597614304667197,3.89808959162921,0.213072479051706
19,60,56,"dopt",0.923076923076923,0.75,0.775750545449794,3.30660078527942,0.122496916292924
20,12,12,"random",0.666666666666667,0.125,0.200627945030208,9.5480614276035,0.348428834018801
20,16,16,"random",0.4,0.125,0.0792118034381339,6.13809593481558,0.359486781440522
20,20,20,"random",0.75,0.1875,0.285043856274785,4.59384702544105,0.334159358284879
20,30,30,"random",0.636363636363636,0.4375,0.383761289440099,5.97790760823776,0.295768503108642
20,40,40,"random",0.636363636363636,0.4375,0.383761289440099,4.84821557406713,0.287231069461004
20,60,60,"random",0.714285714285714,0.625,0.547722557505166,4.47393426672405,0.235244317670727
20,12,12,"maximin",0.444444444444444,0.5,0.241825416703337,8.92010127871909,0.450044170914857
20,16,16,"maximin",0.75,0.1875,0.285043856274785,4.31734710535905,0.291461067796715
20,20,20,"maximin",0.8,0.25,0.356453115471603,5.02547360940695,0.27218061288629
20,30,30,"maximin",0.8,0.5,0.53079104215763,4.77590226884814,0.23674746106263
20,40,40,"maximin",0.875,0.4375,0.53253521010352,4.05172797100673,0.224237026406668
20,60,60,"maximin",1,0.625,0.737209780774486,4.08036913238588,0.178137054293209
20,12,12,"dopt",0.5,0.25,0.193649167310371,6.63757290131281,0.319929513965198
20,16,16,"dopt",0.555555555555556,0.3125,0.261383842274851,5.67843422264835,0.265522471746128
20,20,20,"dopt",0.8,0.25,0.356453115471603,4.98058792332616,0.258253040526699
20,30,30,"dopt",1,0.375,0.547722557505166,3.98208231894117,0.21573938887394
20,40,40,"dopt",0.888888888888889,0.5,0.58426976508496,3.68461010508457,0.202701226772607
20,60,60,"dopt",0.857142857142857,0.75,0.730296743340222,4.23784894113256,0.173997179607113
