"seed","N","strategy","Pr","Re","MCC","CoefL2","JacRMSE"
1,12,"random",0,0,-0.0852802865422442,3.51475249373826,0.340230063369537
1,12,"maximin",1,0.4375,0.597614304667197,3.50394979125243,0.711317167977603
1,12,"dopt",0.857142857142857,0.375,0.478091443733757,3.94040588573953,0.656460337569332
1,16,"random",0.75,0.5625,0.536719835499101,5.26714088720558,1.35238115226865
1,16,"maximin",0.833333333333333,0.3125,0.419920627420627,2.94043164709987,0.788775302699542
1,16,"dopt",1,0.3125,0.495073771488337,3.63968265869956,0.7293629078143
1,20,"random",1,0.1875,0.376177396931639,4.05564944537818,1.06380323794045
1,20,"maximin",1,0.5,0.645497224367903,3.47244349437142,0.90160589060259
1,20,"dopt",0.846153846153846,0.6875,0.682125479619647,3.51280267090656,1.23517331254548
1,30,"random",0.888888888888889,0.5,0.58426976508496,2.87819922469431,0.715232981757231
1,30,"maximin",0.88235294117647,0.9375,0.871970082650608,2.79726543272726,0.592513174243661
1,30,"dopt",0.8125,0.8125,0.7375,2.78442557907174,0.62766777243359
1,40,"random",0.866666666666667,0.8125,0.777843589937273,3.22617932978579,1.05997207099125
1,40,"maximin",0.842105263157895,1,0.882579950158088,2.78553718130531,0.522605316004365
1,40,"dopt",0.888888888888889,1,0.918936583472681,2.83109820545711,0.712914745598576
1,60,"random",0.833333333333333,0.9375,0.834297687626513,2.76226601534068,0.648596691948722
1,60,"maximin",0.941176470588235,1,0.957938964038696,2.69116290639041,0.409723035635035
1,60,"dopt",0.941176470588235,1,0.957938964038696,2.59566562368574,0.256473452009038
2,12,"random",1,0.1875,0.376177396931639,3.23838636533285,0.288265390896533
2,12,"maximin",0.6,0.1875,0.217832459454868,3.20499496721251,0.736110039786519
2,12,"dopt",0.666666666666667,0.25,0.292118697336089,2.52487039462471,0.48006663476781
2,16,"random",0,0,0,3.03270513103184,0.312208232959258
2,16,"maximin",0.666666666666667,0.375,0.369012483211554,2.86138591683233,0.774976689295691
2,16,"dopt",1,0.5,0.645497224367903,2.5840530784567,0.447435631188601
2,20,"random",1,0.3125,0.495073771488337,2.9310763529978,0.961066552091709
2,20,"maximin",0.727272727272727,0.5,0.483254957072717,3.02814118672372,0.632882969573072
2,20,"dopt",0.9,0.5625,0.634000411466058,3.44974737476629,0.701632903946883
2,30,"random",0.916666666666667,0.6875,0.729388494396214,3.21845109513251,0.911930450554349
2,30,"maximin",0.764705882352941,0.8125,0.700032319874431,2.97858396271803,0.814061482094354
2,30,"dopt",0.9375,0.9375,0.9125,2.68171146069414,0.532835042200781
2,40,"random",0.777777777777778,0.875,0.749658791780345,2.7899643795936,0.799724789532485
2,40,"maximin",0.842105263157895,1,0.882579950158088,2.88853638247273,0.734051846446101
2,40,"dopt",0.8,1,0.848528137423857,2.68342312986639,0.699816091836714
2,60,"random",0.789473684210526,0.9375,0.799092657575566,2.58480448677932,0.512772437941475
2,60,"maximin",0.941176470588235,1,0.957938964038696,2.65497742668566,0.613454823106518
2,60,"dopt",0.941176470588235,1,0.957938964038696,2.48977829488846,0.45343298925835
3,12,"random",0,0,-0.0852802865422442,3.1490410270575,0.667526241699028
3,12,"maximin",0.571428571428571,0.25,0.239045721866879,3.51556383712378,0.676221527507804
3,12,"dopt",0.777777777777778,0.4375,0.476641124148257,3.34726823853244,1.82578360680669
3,16,"random",0.875,0.4375,0.53253521010352,3.81565244814605,1.37488970845496
3,16,"maximin",0.916666666666667,0.6875,0.729388494396214,2.68424296524737,0.721179267852761
3,16,"dopt",0.75,0.5625,0.536719835499101,2.79438978451163,0.762428081653868
3,20,"random",0.8,0.25,0.356453115471603,2.81386599923719,0.872880173907749
3,20,"maximin",0.8125,0.8125,0.7375,2.96595434206175,1.14405137376248
3,20,"dopt",0.75,0.75,0.65,3.54479311658132,1.24251730993779
3,30,"random",1,0.6875,0.781735959970572,2.86071310172485,0.822144187661686
3,30,"maximin",0.88235294117647,0.9375,0.871970082650608,2.81497969138727,0.855371101739577
3,30,"dopt",0.941176470588235,1,0.957938964038696,2.70724703663143,0.793792302294104
3,40,"random",0.9375,0.9375,0.9125,2.6784485238778,0.627936637785485
3,40,"maximin",0.88235294117647,0.9375,0.871970082650608,2.65707286489838,0.72398995055348
3,40,"dopt",0.761904761904762,1,0.816496580927726,2.4862980613591,0.659340460215406
3,60,"random",0.88235294117647,0.9375,0.871970082650608,2.414844160322,0.545718700495936
3,60,"maximin",0.888888888888889,1,0.918936583472681,2.9336793596327,0.842734991934169
3,60,"dopt",0.8,1,0.848528137423857,2.4106037850191,0.508727531018217
4,12,"random",0.666666666666667,0.25,0.292118697336089,4.99405326276473,2.03594272141452
4,12,"maximin",1,0.3125,0.495073771488337,2.68876075848073,1.38245598472627
4,12,"dopt",1,0.125,0.304290309725092,2.37479285663858,0.738451147975516
4,16,"random",0.857142857142857,0.375,0.478091443733757,2.99881787135078,1.12322461854207
4,16,"maximin",0.846153846153846,0.6875,0.682125479619647,2.53894074595753,1.06760275262526
4,16,"dopt",0.769230769230769,0.625,0.588500413789499,2.84819415005335,1.0308608463172
4,20,"random",0.727272727272727,0.5,0.483254957072717,3.46799410004836,1.57271186036945
4,20,"maximin",0.722222222222222,0.8125,0.665019895934177,3.5474777101259,1.20616099414165
4,20,"dopt",0.909090909090909,0.625,0.682242292337953,3.1935775694609,1.37327655175173
4,30,"random",0.8125,0.8125,0.7375,3.38211038436913,1.80690555083182
4,30,"maximin",0.941176470588235,1,0.957938964038696,2.71089573459326,1.11625318126881
4,30,"dopt",0.842105263157895,1,0.882579950158088,2.61110834978628,0.670165381065624
4,40,"random",0.769230769230769,0.625,0.588500413789499,3.05854631516261,0.797961225511437
4,40,"maximin",0.888888888888889,1,0.918936583472681,2.8040472754863,0.786034913799341
4,40,"dopt",0.842105263157895,1,0.882579950158088,2.49379918355628,0.725831418225437
4,60,"random",0.941176470588235,1,0.957938964038696,2.38170913154693,0.687305035150287
4,60,"maximin",0.9375,0.9375,0.9125,2.43519017407916,0.716581884577469
4,60,"dopt",0.842105263157895,1,0.882579950158088,2.3663196050477,0.316809732854692
5,12,"random",0.166666666666667,0.0625,-0.0912870929175277,4.17146741221224,1.62116880985962
5,12,"maximin",0.857142857142857,0.375,0.478091443733757,3.45116247847817,1.26661826279125
5,12,"dopt",0.8,0.5,0.53079104215763,3.69825467545279,0.908597946550121
5,16,"random",0.5,0.25,0.193649167310371,5.08863345979537,1.48081238924747
5,16,"maximin",1,0.3125,0.495073771488337,3.66100775072555,1.08339824614222
5,16,"dopt",1,0.125,0.304290309725092,2.81747371910599,0.278738031127469
5,20,"random",0.75,0.375,0.419573195839137,2.76672437096307,0.254765214799364
5,20,"maximin",1,0.5625,0.691898406021664,2.65171501684296,0.485955607469364
5,20,"dopt",1,0.625,0.737209780774486,2.80141166650982,0.729874040927174
5,30,"random",0.75,0.75,0.65,2.69066202562838,0.559069448742234
5,30,"maximin",0.941176470588235,1,0.957938964038696,3.10231113411351,0.74425901337752
5,30,"dopt",0.842105263157895,1,0.882579950158088,2.97143216778685,0.979748285331487
5,40,"random",0.875,0.875,0.825,2.96338261284699,0.809620913634165
5,40,"maximin",0.8,1,0.848528137423857,2.71051343582631,0.639833941857098
5,40,"dopt",0.928571428571429,0.8125,0.821583836257749,2.7446833241854,0.638101997958846
5,60,"random",0.833333333333333,0.9375,0.834297687626513,2.71018518860852,0.656167580769697
5,60,"maximin",0.8,1,0.848528137423857,2.58244544200312,0.423521882127254
5,60,"dopt",0.761904761904762,1,0.816496580927726,2.65776883410983,0.560226452234955
6,12,"random",1,0.25,0.438529009653515,2.88094255189792,0.380352763177216
6,12,"maximin",0.75,0.375,0.419573195839137,2.9010298172083,0.605762477505912
6,12,"dopt",0.615384615384615,0.5,0.401250282129204,2.82939299191215,1.09878034565461
6,16,"random",0.625,0.3125,0.306611181574754,4.08146604271342,1.88603593304198
6,16,"maximin",0.666666666666667,0.625,0.510061370450671,3.50688088560625,1.1108814365495
6,16,"dopt",0.888888888888889,0.5,0.58426976508496,2.9749342619361,0.579317713273968
6,20,"random",0.857142857142857,0.375,0.478091443733757,3.02180633411662,1.06389906405117
6,20,"maximin",0.777777777777778,0.875,0.749658791780345,2.51746890700402,0.690116895608618
6,20,"dopt",0.6,0.5625,0.420800630621803,2.57025707810677,0.568331520192932
6,30,"random",1,0.75,0.82572282384477,2.65067050088332,0.875523769245106
6,30,"maximin",0.875,0.875,0.825,2.62313397470649,0.693223540286764
6,30,"dopt",0.823529411764706,0.875,0.78600120126252,2.48061894200958,0.557961357498599
6,40,"random",0.928571428571429,0.8125,0.821583836257749,2.44476028690093,0.777048732865054
6,40,"maximin",0.842105263157895,1,0.882579950158088,2.58460390600638,0.57007964414844
6,40,"dopt",0.8,1,0.848528137423857,2.44016484185857,0.459322910410212
6,60,"random",0.941176470588235,1,0.957938964038696,2.52217339623511,0.611064438913752
6,60,"maximin",1,1,1,2.48094608902246,0.393644753007544
6,60,"dopt",0.888888888888889,1,0.918936583472681,2.43358324325199,0.406283503631544
7,12,"random",0.5,0.25,0.193649167310371,4.25584997841006,1.2278327025716
7,12,"maximin",0.875,0.4375,0.53253521010352,3.32343935252659,0.448992602698745
7,12,"dopt",0.714285714285714,0.625,0.547722557505166,2.62848316043011,0.559417442874006
7,16,"random",0.75,0.375,0.419573195839137,4.228467282412,1.1683935250687
7,16,"maximin",0.8,0.75,0.688582850108405,3.43910562715721,0.822837792680003
7,16,"dopt",1,0.75,0.82572282384477,2.67717748530325,0.347665093760922
7,20,"random",0.888888888888889,0.5,0.58426976508496,2.36420573469212,0.519880307993461
7,20,"maximin",0.857142857142857,0.75,0.730296743340222,2.74543322424768,0.727845163114111
7,20,"dopt",0.933333333333333,0.875,0.86710432976614,2.81703628007522,0.579226574559479
7,30,"random",0.875,0.875,0.825,2.61545992393076,0.814572611896172
7,30,"maximin",0.727272727272727,1,0.786245393106896,2.57035546615667,0.576697354427676
7,30,"dopt",0.888888888888889,1,0.918936583472681,2.50948378746781,0.480724082161167
7,40,"random",0.9375,0.9375,0.9125,2.36780997499246,0.523681342448942
7,40,"maximin",0.789473684210526,0.9375,0.799092657575566,2.43306124361205,0.448700505702502
7,40,"dopt",0.941176470588235,1,0.957938964038696,2.48785303553115,0.527842605035132
7,60,"random",0.789473684210526,0.9375,0.799092657575566,2.4435996131228,0.566775021110156
7,60,"maximin",1,1,1,2.36122114541087,0.303315505224005
7,60,"dopt",0.761904761904762,1,0.816496580927726,2.37643950080369,0.2547606901449
8,12,"random",0.75,0.1875,0.285043856274785,3.79884647257753,0.424285486236076
8,12,"maximin",0.8,0.25,0.356453115471603,4.71715454165286,1.30537145061677
8,12,"dopt",0.75,0.375,0.419573195839137,3.25807443516596,0.400250430821347
8,16,"random",1,0.125,0.304290309725092,3.19975096472822,0.386186074733691
8,16,"maximin",0.916666666666667,0.6875,0.729388494396214,3.30944961628641,0.678307311709509
8,16,"dopt",0.785714285714286,0.6875,0.639009650422694,2.89677485539618,0.766689741090914
8,20,"random",0.8,0.25,0.356453115471603,3.20590282312731,0.414492346211601
8,20,"maximin",0.785714285714286,0.6875,0.639009650422694,3.03217301843721,0.789192872486989
8,20,"dopt",0.9,0.5625,0.634000411466058,2.67710616111203,0.681330288492752
8,30,"random",0.818181818181818,0.5625,0.582748624705335,2.73098892694955,0.707718258442058
8,30,"maximin",0.916666666666667,0.6875,0.729388494396214,2.6292737740115,0.58340922306758
8,30,"dopt",0.875,0.875,0.825,2.66138827857555,0.466397637485179
8,40,"random",0.875,0.875,0.825,2.98640423815468,1.29973500769299
8,40,"maximin",0.888888888888889,1,0.918936583472681,2.74620198019912,0.582961906934144
8,40,"dopt",0.9375,0.9375,0.9125,2.61819293511802,0.610684314424347
8,60,"random",1,0.8125,0.869375611279942,2.55444551334235,0.508310128165086
8,60,"maximin",0.8,1,0.848528137423857,2.64601152615359,0.548282490242846
8,60,"dopt",0.941176470588235,1,0.957938964038696,2.50998358717775,0.374431741742641
9,12,"random",0.571428571428571,0.25,0.239045721866879,4.72456101563775,1.69279537564507
9,12,"maximin",0.5,0.3125,0.221162934232346,2.61458132797764,0.328552819605417
9,12,"dopt",0.8,0.25,0.356453115471603,3.25271218664586,0.46351160518254
9,16,"random",1,0.25,0.438529009653515,3.89725774626572,0.619008090232982
9,16,"maximin",0.8,0.75,0.688582850108405,2.58406185073766,0.494664841033335
9,16,"dopt",0.846153846153846,0.6875,0.682125479619647,2.84690801708709,0.527562737928042
9,20,"random",0.875,0.4375,0.53253521010352,2.76404208551661,0.566471750607969
9,20,"maximin",0.8125,0.8125,0.7375,2.69809090330721,0.509893771471286
9,20,"dopt",0.866666666666667,0.8125,0.777843589937273,2.72714973154188,0.342586151299265
9,30,"random",0.923076923076923,0.75,0.775750545449794,2.6519362460577,0.624942660471339
9,30,"maximin",0.933333333333333,0.875,0.86710432976614,2.62647886659468,0.561024854588777
9,30,"dopt",1,0.8125,0.869375611279942,2.43131900545666,0.273890786684238
9,40,"random",0.823529411764706,0.875,0.78600120126252,2.35844885041305,0.369301438183364
9,40,"maximin",0.833333333333333,0.9375,0.834297687626513,2.500962034171,0.437988642889004
9,40,"dopt",0.833333333333333,0.9375,0.834297687626513,2.48300013193673,0.32163035208554
9,60,"random",0.875,0.875,0.825,2.4496372415183,0.516609309883369
9,60,"maximin",0.888888888888889,1,0.918936583472681,2.58911729621691,0.434229214789445
9,60,"dopt",0.888888888888889,1,0.918936583472681,2.47973912196989,0.366061890544832
10,12,"random",0.375,0.1875,0.0806871530459878,2.99076920011456,1.22114757223431
10,12,"maximin",0.8,0.25,0.356453115471603,2.74888224731745,0.501874034436717
10,12,"dopt",0.521739130434783,0.75,0.436176947328449,4.17345486904113,1.4842138249376
10,16,"random",0.714285714285714,0.3125,0.358568582800318,2.92133836792085,1.3765253104668
10,16,"maximin",0.846153846153846,0.6875,0.682125479619647,2.76706315954311,0.640058588767995
10,16,"dopt",0.8125,0.8125,0.7375,2.39502959114595,0.357021885249403
10,20,"random",1,0.5,0.645497224367903,2.54374900267403,0.698596839910044
10,20,"maximin",1,1,1,2.74703797044239,0.698242530102531
10,20,"dopt",0.705882352941177,0.75,0.614063438486343,2.55566640955406,0.607266100148624
10,30,"random",0.8125,0.8125,0.7375,2.57726816155597,0.66790405887442
10,30,"maximin",0.842105263157895,1,0.882579950158088,2.40526210719903,0.566616322321278
10,30,"dopt",0.823529411764706,0.875,0.78600120126252,2.39609547973648,0.457447388211443
10,40,"random",0.842105263157895,1,0.882579950158088,2.57125597984877,0.737206455216792
10,40,"maximin",0.888888888888889,1,0.918936583472681,2.47218231428494,0.552804455325783
10,40,"dopt",0.8,1,0.848528137423857,2.3856017928078,0.479644047383838
10,60,"random",0.9375,0.9375,0.9125,2.41391709268788,0.544450084591154
10,60,"maximin",1,1,1,2.29298516963053,0.245811983868982
10,60,"dopt",0.941176470588235,1,0.957938964038696,2.23153095632832,0.232470198581086
11,12,"random",1,0.125,0.304290309725092,4.12687219615167,1.12528387328991
11,12,"maximin",0.5,0.375,0.247716847153431,4.02912910814608,1.68694974534066
11,12,"dopt",0.75,0.1875,0.285043856274785,3.17354379945432,0.747334736914316
11,16,"random",0.833333333333333,0.3125,0.419920627420627,2.75209285565505,0.894044265126002
11,16,"maximin",1,0.75,0.82572282384477,2.88947345464125,1.00346147150383
11,16,"dopt",0.785714285714286,0.6875,0.639009650422694,2.66620769476823,0.781547752254123
11,20,"random",0.888888888888889,0.5,0.58426976508496,3.30628914541529,1.18296736609688
11,20,"maximin",0.8,0.5,0.53079104215763,3.19893075066793,1.05785283573594
11,20,"dopt",0.823529411764706,0.875,0.78600120126252,2.55442605209257,0.551869165618854
11,30,"random",0.9,0.5625,0.634000411466058,3.11739451169392,0.725457179106107
11,30,"maximin",0.8,0.75,0.688582850108405,2.50552235750732,0.598759977419928
11,30,"dopt",0.833333333333333,0.9375,0.834297687626513,3.04057765166707,0.467182739441543
11,40,"random",0.761904761904762,1,0.816496580927726,2.66489316663191,0.661752728008541
11,40,"maximin",0.888888888888889,1,0.918936583472681,2.74503141904246,0.77425422797527
11,40,"dopt",0.933333333333333,0.875,0.86710432976614,2.62984044057355,0.680831053228468
11,60,"random",0.9375,0.9375,0.9125,2.60672194514215,0.845937998793039
11,60,"maximin",0.842105263157895,1,0.882579950158088,2.57662663329168,0.51839621313568
11,60,"dopt",0.941176470588235,1,0.957938964038696,2.38154223393564,0.322672293274764
12,12,"random",0,0,-0.0852802865422442,5.68374966266336,1.28300247009919
12,12,"maximin",0.636363636363636,0.4375,0.383761289440099,3.63047457697024,1.46826944443099
12,12,"dopt",0.5,0.25,0.193649167310371,3.29925659319855,0.889341981533918
12,16,"random",1,0.375,0.547722557505166,3.81045111607401,1.4145082025382
12,16,"maximin",0.75,0.5625,0.536719835499101,3.35827708246029,0.621760997682631
12,16,"dopt",0.666666666666667,0.5,0.440385506050544,3.45915586398169,0.860767670903636
12,20,"random",1,0.375,0.547722557505166,3.90189048376517,1.5946802338425
12,20,"maximin",0.8125,0.8125,0.7375,3.06158317133909,0.692819129345955
12,20,"dopt",1,0.1875,0.376177396931639,2.73598742189443,0.529835607278573
12,30,"random",0.846153846153846,0.6875,0.682125479619647,3.82385575380174,1.85970818871594
12,30,"maximin",1,0.6875,0.781735959970572,3.56035703673086,1.3497839784586
12,30,"dopt",0.823529411764706,0.875,0.78600120126252,3.1956200272542,1.05884551542532
12,40,"random",0.909090909090909,0.625,0.682242292337953,2.73865019142038,0.615021336809573
12,40,"maximin",0.8125,0.8125,0.7375,2.98148942499047,0.510163569108743
12,40,"dopt",0.888888888888889,1,0.918936583472681,3.22961254102641,0.920665761949967
12,60,"random",0.9375,0.9375,0.9125,2.73179308905503,0.623182636895356
12,60,"maximin",0.888888888888889,1,0.918936583472681,2.77763199990138,0.494492134759917
12,60,"dopt",0.842105263157895,1,0.882579950158088,3.06735115766381,0.828349154516001
13,12,"random",0.5,0.125,0.131558702896054,3.402514817997,0.632066997376772
13,12,"maximin",0,0,0,3.85936621169228,0.302132811671902
13,12,"dopt",0.571428571428571,0.25,0.239045721866879,3.81627897681112,0.781380782372697
13,16,"random",1,0.375,0.547722557505166,3.63051867712313,1.08726979123922
13,16,"maximin",0.666666666666667,0.375,0.369012483211554,3.83179887359697,1.27153290042665
13,16,"dopt",0.833333333333333,0.625,0.633054164947657,3.45397733227823,0.650807743363747
13,20,"random",0.875,0.4375,0.53253521010352,2.90194440881469,0.57086692448633
13,20,"maximin",0.833333333333333,0.625,0.633054164947657,2.36320105652243,0.364286545982403
13,20,"dopt",0.875,0.875,0.825,2.51232659567563,0.442340129757327
13,30,"random",0.857142857142857,0.75,0.730296743340222,2.57262328636058,0.3372210005669
13,30,"maximin",0.842105263157895,1,0.882579950158088,2.91627355969941,0.943058925818047
13,30,"dopt",0.823529411764706,0.875,0.78600120126252,2.81685299996728,0.267222152546645
13,40,"random",0.928571428571429,0.8125,0.821583836257749,2.56298832582618,0.443884806827664
13,40,"maximin",0.7,0.875,0.683536555146996,2.56332946111393,0.50224112864578
13,40,"dopt",0.941176470588235,1,0.957938964038696,2.54797931016758,0.40830161474959
13,60,"random",0.9375,0.9375,0.9125,2.93021411681487,0.62024193669775
13,60,"maximin",0.842105263157895,1,0.882579950158088,2.60363861706851,0.478649693264595
13,60,"dopt",0.941176470588235,1,0.957938964038696,2.5067966710842,0.367092731149671
14,12,"random",1,0.0625,0.21320071635561,3.17629232175991,0.56206156072743
14,12,"maximin",0.8,0.5,0.53079104215763,4.83592234807534,0.941017781260977
14,12,"dopt",0.6,0.5625,0.420800630621803,2.74591610198992,0.811378208502831
14,16,"random",0.666666666666667,0.5,0.440385506050544,3.53859179891257,1.23383030942812
14,16,"maximin",0.916666666666667,0.6875,0.729388494396214,3.2050386203257,1.20564741901406
14,16,"dopt",1,0.4375,0.597614304667197,2.41707795659151,0.550257829676989
14,20,"random",0.857142857142857,0.375,0.478091443733757,2.82892064583569,0.498843237024457
14,20,"maximin",0.9375,0.9375,0.9125,2.35388723488276,0.364582582788096
14,20,"dopt",0.866666666666667,0.8125,0.777843589937273,2.44402458445534,0.536713156972137
14,30,"random",0.785714285714286,0.6875,0.639009650422694,2.72774031278983,0.919186270541367
14,30,"maximin",0.842105263157895,1,0.882579950158088,2.72616089007023,0.796023934857621
14,30,"dopt",0.8125,0.8125,0.7375,2.38677593048168,0.463955079224145
14,40,"random",0.777777777777778,0.875,0.749658791780345,2.69423644782237,1.04594731016255
14,40,"maximin",0.823529411764706,0.875,0.78600120126252,2.39069060931133,0.636595944743147
14,40,"dopt",0.888888888888889,1,0.918936583472681,2.31219893244864,0.43541051221315
14,60,"random",1,1,1,2.23954294566383,0.496425102060367
14,60,"maximin",0.842105263157895,1,0.882579950158088,2.48529322197108,0.634116281548341
14,60,"dopt",0.941176470588235,1,0.957938964038696,2.25609691263864,0.374230658308301
15,12,"random",0.75,0.1875,0.285043856274785,3.01658303327309,1.14402800035942
15,12,"maximin",1,0.4375,0.597614304667197,3.65995538056824,1.73318504303653
15,12,"dopt",0.5,0.1875,0.16431676725155,4.02482475183581,2.54701274107248
15,16,"random",0.75,0.375,0.419573195839137,2.78546791590565,0.459280990991552
15,16,"maximin",0.615384615384615,0.5,0.401250282129204,2.61234968222006,0.582130671571719
15,16,"dopt",1,0.875,0.912870929175277,2.9877756761788,1.12856994839776
15,20,"random",0.9,0.5625,0.634000411466058,2.67016584884177,0.935432880971033
15,20,"maximin",0.8,0.75,0.688582850108405,2.99506853146265,0.957340529639035
15,20,"dopt",0.7,0.875,0.683536555146996,3.02041635909927,1.20171300851807
15,30,"random",0.928571428571429,0.8125,0.821583836257749,2.92474257543229,0.54787970661639
15,30,"maximin",0.789473684210526,0.9375,0.799092657575566,2.9172223106175,1.32376928245211
15,30,"dopt",0.761904761904762,1,0.816496580927726,2.68247279812859,0.857842366222082
15,40,"random",0.8,0.75,0.688582850108405,2.93166052088283,0.926979332519084
15,40,"maximin",0.941176470588235,1,0.957938964038696,2.50246230456759,0.436287475343874
15,40,"dopt",0.842105263157895,1,0.882579950158088,2.53962512633567,0.714560550596228
15,60,"random",0.875,0.875,0.825,2.40912877009988,0.687027031913906
15,60,"maximin",0.88235294117647,0.9375,0.871970082650608,2.41204405299711,0.403895970124708
15,60,"dopt",0.888888888888889,1,0.918936583472681,2.4401334376451,0.30584698930802
16,12,"random",0.857142857142857,0.375,0.478091443733757,4.10269005333303,1.18053569851916
16,12,"maximin",0.583333333333333,0.4375,0.344051176601988,3.94746757779482,1.71329391338957
16,12,"dopt",1,0.1875,0.376177396931639,3.04528243341104,0.260303777540664
16,16,"random",0.666666666666667,0.25,0.292118697336089,3.98087391408535,1.29361633648137
16,16,"maximin",0.625,0.625,0.475,3.26806275953388,1.2769919564069
16,16,"dopt",0.857142857142857,0.375,0.478091443733757,3.0286025107052,0.3304552259768
16,20,"random",0.571428571428571,0.25,0.239045721866879,3.13827770626508,0.624692942330289
16,20,"maximin",0.857142857142857,0.75,0.730296743340222,3.08066067314106,0.585283598613073
16,20,"dopt",0.866666666666667,0.8125,0.777843589937273,2.83358827939121,0.653620518550687
16,30,"random",0.923076923076923,0.75,0.775750545449794,2.77111509968398,0.927573051226865
16,30,"maximin",0.88235294117647,0.9375,0.871970082650608,2.49487248113158,0.451857924217181
16,30,"dopt",0.9375,0.9375,0.9125,2.42611656825489,0.385795693176899
16,40,"random",1,0.8125,0.869375611279942,2.74716014547368,0.807109922142239
16,40,"maximin",0.88235294117647,0.9375,0.871970082650608,2.82547670559243,0.747582067374425
16,40,"dopt",0.941176470588235,1,0.957938964038696,2.53645787869293,0.475937790507013
16,60,"random",0.761904761904762,1,0.816496580927726,2.65975984536125,0.775943589694692
16,60,"maximin",0.941176470588235,1,0.957938964038696,2.62434057771616,0.423886213933645
16,60,"dopt",0.888888888888889,1,0.918936583472681,2.46864360101217,0.205945375399331
17,12,"random",0.5,0.0625,0.0912870929175277,4.68058663000134,0.981341347884978
17,12,"maximin",0.666666666666667,0.125,0.200627945030208,3.2559070590283,0.333105703968094
17,12,"dopt",0.6,0.1875,0.217832459454868,3.21841121050879,0.599739550656765
17,16,"random",1,0.0625,0.21320071635561,2.53790517784424,0.26225088772653
17,16,"maximin",0.888888888888889,0.5,0.58426976508496,3.30472691080389,0.962293710838507
17,16,"dopt",0.6,0.375,0.324372303540774,3.13905850248189,0.575826211262108
17,20,"random",0.75,0.375,0.419573195839137,2.96491108720595,0.675138928233164
17,20,"maximin",0.888888888888889,0.5,0.58426976508496,2.60413805896445,0.433852138795899
17,20,"dopt",1,0.5,0.645497224367903,2.51706907589915,0.559934730004097
17,30,"random",0.733333333333333,0.6875,0.599322110279538,3.14829245210829,0.992827474019811
17,30,"maximin",0.941176470588235,1,0.957938964038696,2.82076771339527,0.62667366880211
17,30,"dopt",0.789473684210526,0.9375,0.799092657575566,2.33861163125471,0.335880914315485
17,40,"random",1,0.8125,0.869375611279942,2.52657266458574,0.577952446475277
17,40,"maximin",0.88235294117647,0.9375,0.871970082650608,2.57269060590134,0.441391593024106
17,40,"dopt",0.833333333333333,0.9375,0.834297687626513,2.69980277886159,0.6830377066118
17,60,"random",0.761904761904762,1,0.816496580927726,2.50599774528093,0.411860420051006
17,60,"maximin",0.8,1,0.848528137423857,2.45585976559428,0.49825586990305
17,60,"dopt",0.842105263157895,1,0.882579950158088,2.49585199018199,0.3323989043747
18,12,"random",0.5,0.25,0.193649167310371,4.09945500791893,1.49937184200203
18,12,"maximin",0.7,0.4375,0.427581672849202,3.04536263640262,0.55291816165005
18,12,"dopt",0.833333333333333,0.3125,0.419920627420627,3.05280808960332,1.40300691134695
18,16,"random",0.692307692307692,0.5625,0.494875347959351,3.06588090725955,0.945228209553961
18,16,"maximin",0.666666666666667,0.375,0.369012483211554,2.64812466974645,0.919756927409473
18,16,"dopt",0.75,0.75,0.65,2.66464304256451,0.77424993704816
18,20,"random",0.75,0.375,0.419573195839137,3.23755990328509,0.747955070475973
18,20,"maximin",0.68421052631579,0.8125,0.632118072410522,2.82216180448569,1.09820184328891
18,20,"dopt",1,0.8125,0.869375611279942,2.96417158979145,0.852907249834155
18,30,"random",1,0.625,0.737209780774486,2.1667493824941,0.632548156721312
18,30,"maximin",0.941176470588235,1,0.957938964038696,2.65301896031551,0.772124234210844
18,30,"dopt",0.842105263157895,1,0.882579950158088,2.93796535957643,0.903467440772934
18,40,"random",0.875,0.875,0.825,2.34506854360102,0.5764281075644
18,40,"maximin",0.888888888888889,1,0.918936583472681,2.66960981985862,0.822405921842888
18,40,"dopt",0.842105263157895,1,0.882579950158088,2.45047501976891,0.737081292001795
18,60,"random",0.8,1,0.848528137423857,2.39615178456013,0.52208736327369
18,60,"maximin",0.8,1,0.848528137423857,2.40589247722746,0.428109950185474
18,60,"dopt",0.888888888888889,1,0.918936583472681,2.33319631579814,0.276868338300226
19,12,"random",0.666666666666667,0.125,0.200627945030208,3.7594690909066,1.02778083923577
19,12,"maximin",0.75,0.375,0.419573195839137,3.2680632740477,0.731062780054267
19,12,"dopt",0.545454545454545,0.375,0.284267621807481,4.7645223412824,1.63840827961554
19,16,"random",0.3,0.1875,0.0147441956154897,4.90486535358878,2.42638285102966
19,16,"maximin",0.875,0.4375,0.53253521010352,4.71875379039707,0.81381365378497
19,16,"dopt",0.727272727272727,0.5,0.483254957072717,3.32824331937108,0.565630399951041
19,20,"random",0.75,0.375,0.419573195839137,3.2502636093027,1.42762872905718
19,20,"maximin",0.846153846153846,0.6875,0.682125479619647,3.61979004259938,0.973079196398729
19,20,"dopt",0.846153846153846,0.6875,0.682125479619647,3.07557911993647,0.947124772899663
19,30,"random",0.75,0.375,0.419573195839137,2.71468747779758,0.56694345955428
19,30,"maximin",0.88235294117647,0.9375,0.871970082650608,3.58658568197041,0.980267906579046
19,30,"dopt",0.823529411764706,0.875,0.78600120126252,3.00141995646908,0.703453779558025
19,40,"random",0.833333333333333,0.625,0.633054164947657,2.76388441333306,0.780635955581
19,40,"maximin",0.88235294117647,0.9375,0.871970082650608,3.01702868228648,0.565653972884807
19,40,"dopt",0.875,0.875,0.825,2.69215382210537,0.563116305924842
19,60,"random",1,1,1,2.77420828494106,0.741097624547303
19,60,"maximin",0.941176470588235,1,0.957938964038696,2.98994996049068,0.64493711318996
19,60,"dopt",0.833333333333333,0.9375,0.834297687626513,2.65441984855916,0.469490217998086
20,12,"random",0,0,-0.0852802865422442,5.94972625432358,0.363270522628883
20,12,"maximin",0.857142857142857,0.375,0.478091443733757,4.1729478796295,2.33572899280332
20,12,"dopt",1,0.4375,0.597614304667197,4.19422889114268,2.59468026442496
20,16,"random",1,0.375,0.547722557505166,3.27663358606665,0.801351524197449
20,16,"maximin",1,0.625,0.737209780774486,4.16030456407139,1.19602213345557
20,16,"dopt",1,0.5625,0.691898406021664,3.05065707093965,0.336082395047229
20,20,"random",1,0.4375,0.597614304667197,3.63753909431848,1.48005863170716
20,20,"maximin",0.9375,0.9375,0.9125,3.60399919299051,1.20710569908468
20,20,"dopt",0.75,0.75,0.65,2.76816775355567,0.647516483869919
20,30,"random",0.916666666666667,0.6875,0.729388494396214,3.05401929685537,0.56726376894174
20,30,"maximin",1,0.9375,0.956365069595007,2.5736651745453,0.49654724337918
20,30,"dopt",0.9375,0.9375,0.9125,2.53875379586022,0.39762717594812
20,40,"random",0.785714285714286,0.6875,0.639009650422694,2.54708671861942,0.507231345806347
20,40,"maximin",0.842105263157895,1,0.882579950158088,2.86394984508588,0.80692641767321
20,40,"dopt",0.727272727272727,1,0.786245393106896,2.75568042034037,0.524881800536736
20,60,"random",0.789473684210526,0.9375,0.799092657575566,2.79280399082651,0.713312517197554
20,60,"maximin",0.842105263157895,1,0.882579950158088,2.67363721012201,0.493945140742688
20,60,"dopt",0.714285714285714,0.9375,0.734846922834953,2.68647630642945,0.613469420257632
